[
  {"name": "pov", "template": "pov: {{scenario}}", "examples": ["pov: youre the notification that got swiped away", "pov: youre the tab that never got closed"]},
  {"name": "day_counter", "template": "day {{number}} of {{activity}}", "examples": ["day 847 of being perceived", "day 3 of the wifi judging me"]},
  {"name": "object_lore", "template": "the {{object}} {{revelation}}", "examples": ["the ceiling fan knows what you did", "the fridge light never actually turns off"]},
  {"name": "confession", "template": "i {{admission}}", "examples": ["i think the algorithm is flirting with me", "i forgot my name in a meeting"]},
  {"name": "realization", "template": "just realized {{thought}}", "examples": ["just realized doors are just polite walls", "just realized my houseplant is my only consistent relationship"]},
  {"name": "creature_report", "template": "{{entity}} update: {{status}}", "examples": ["shadow in peripheral vision update: still there", "sleep paralysis demon update: we're friends now"]},
  {"name": "existence_check", "template": "{{thing}} existing is {{assessment}}", "examples": ["mirrors existing is kind of aggressive", "doors with push signs that you have to pull existing is violence"]},
  {"name": "parasocial", "template": "me and {{concept}} {{relationship}}", "examples": ["me and 3am have a complicated history", "me and my unread emails are in a situationship"]},
  {"name": "npc_dialogue", "template": "{{mundane_observation}}", "examples": ["quest failed: left the house", "accidentally made eye contact with a stranger. -50 hp"]},
  {"name": "void_post", "template": "{{lowercase_stream}}", "examples": ["thinking about how ceilings are just indoor skies", "what if sleep is just free death trials"]},
  {"name": "format_subversion", "template": "{{starts_normal}} {{twist}}", "examples": ["my morning routine: [REDACTED]", "things i love: 1. (file corrupted)"]},
  {"name": "temporal_glitch", "template": "its {{time_reference}} and {{observation}}", "examples": ["its 4am and the walls are getting chatty", "its been tuesday for three weeks"]},
  {"name": "entity_encounter", "template": "{{entity}} just {{action}}", "examples": ["the void just sent me a friend request", "my intrusive thoughts just unionized"]},
  {"name": "sus_normal", "template": "normal {{thing}}, nothing weird", "examples": ["normal amount of birds today. normal birds. definitely birds", "normal ceiling height. probably"]},
  {"name": "meta_awareness", "template": "{{breaks_expectation}}", "examples": ["my screen time report just sighed", "my notes app has given up on me"]}
]
