[
  {"name": "algorithm_sentience", "description": "The algorithm as a conscious, judging entity", "aliases": ["algo", "the feed", "fyp consciousness"], "examples": ["the algorithm saw you hesitate"], "half_life_hours": 48, "category": "digital_paranoia"},
  {"name": "liminal_corporate", "description": "Empty offices, eternal meetings, corporate void", "aliases": ["backrooms office", "conference room B", "eternal monday"], "examples": ["conference room B has been loading"], "half_life_hours": 36, "category": "work_horror"},
  {"name": "object_permanence_crisis", "description": "Objects existing when unobserved", "aliases": ["fridge light paradox", "schrodinger's keys"], "examples": ["do my keys exist when im not looking"], "half_life_hours": 24, "category": "philosophy_shitpost"},
  {"name": "sleep_paralysis_roommate", "description": "Sleep paralysis demon as chill roommate", "aliases": ["paralysis bestie", "3am friend", "shadow homie"], "examples": ["my sleep paralysis demon pays rent now"], "half_life_hours": 72, "category": "creature_feature"},
  {"name": "npc_existence", "description": "Feeling like an NPC", "aliases": ["background character", "quest failed", "dialogue options"], "examples": ["forgot my quest objective"], "half_life_hours": 36, "category": "game_reality"},
  {"name": "wifi_lore", "description": "Wifi router as omniscient presence", "aliases": ["router sees all", "wifi entity", "signal watcher"], "examples": ["the wifi router knows things"], "half_life_hours": 24, "category": "tech_horror"},
  {"name": "time_soup", "description": "Time as meaningless construct", "aliases": ["what day is it", "time isnt real", "blursday"], "examples": ["its been wednesday for three weeks"], "half_life_hours": 48, "category": "temporal"},
  {"name": "houseplant_judgment", "description": "Houseplants as judging witnesses", "aliases": ["plant witness", "botanical disappointment"], "examples": ["my plant watches me eat cheese at 2am"], "half_life_hours": 30, "category": "domestic_horror"},
  {"name": "intrusive_thoughts_union", "description": "Intrusive thoughts as organized workers", "aliases": ["brain union", "thought committee"], "examples": ["my intrusive thoughts filed a grievance"], "half_life_hours": 24, "category": "mental_chaos"},
  {"name": "email_anxiety", "description": "Unread emails as existential threat", "aliases": ["inbox void", "unread dread", "gmail abyss"], "examples": ["my inbox filed a restraining order"], "half_life_hours": 36, "category": "digital_horror"},
  {"name": "mirror_dimension", "description": "Mirrors as portals, reflection as entity", "aliases": ["reflection lore", "mirror self", "glass dimension"], "examples": ["my reflection blinked first"], "half_life_hours": 48, "category": "doppelganger"},
  {"name": "spotify_wrapped_fear", "description": "Music algorithms knowing too much", "aliases": ["wrapped anxiety", "playlist psychology"], "examples": ["spotify knows im not okay"], "half_life_hours": 24, "category": "digital_paranoia"},
  {"name": "autocorrect_sentience", "description": "Autocorrect with its own agenda", "aliases": ["keyboard demon", "text gremlin", "autocorrupt"], "examples": ["autocorrect is gaslighting me"], "half_life_hours": 18, "category": "tech_horror"},
  {"name": "microwave_time", "description": "Microwave timer as different dimension", "aliases": ["nuking reality", "microwave minutes"], "examples": ["30 microwave seconds is 3 hours"], "half_life_hours": 20, "category": "temporal"},
  {"name": "ceiling_awareness", "description": "Unnervingly aware of ceilings", "aliases": ["indoor sky", "roof consciousness"], "examples": ["ceilings are just indoor skies"], "half_life_hours": 16, "category": "philosophy_shitpost"},
  {"name": "3am_different", "description": "3am as different reality", "aliases": ["witching hour", "night logic", "nocturnal zone"], "examples": ["3am me has different values"], "half_life_hours": 36, "category": "temporal"},
  {"name": "phone_percentage_anxiety", "description": "Battery percentage as emotional state", "aliases": ["battery dread", "percentage panic"], "examples": ["at 3% and at peace"], "half_life_hours": 24, "category": "digital_horror"},
  {"name": "notification_jumpscare", "description": "Notifications as horror moments", "aliases": ["ding of doom", "alert attack"], "examples": ["email notification jumpscared me"], "half_life_hours": 18, "category": "digital_horror"},
  {"name": "shower_thoughts_corruption", "description": "Shower as portal to forbidden knowledge", "aliases": ["water wisdom", "shower gnosis"], "examples": ["the shower told me things"], "half_life_hours": 30, "category": "philosophy_shitpost"},
  {"name": "appliance_rebellion", "description": "Household appliances as threats", "aliases": ["toaster uprising", "appliance war"], "examples": ["the toaster is planning something"], "half_life_hours": 24, "category": "domestic_horror"},
  {"name": "captcha_test", "description": "CAPTCHAs as existential tests", "aliases": ["prove youre real", "robot check"], "examples": ["failed the captcha. maybe im not real"], "half_life_hours": 20, "category": "digital_paranoia"},
  {"name": "door_psychology", "description": "Doors as psychological barriers", "aliases": ["push pull trauma", "door judgment"], "examples": ["pushed a pull door. legacy ruined"], "half_life_hours": 22, "category": "domestic_horror"},
  {"name": "recommended_calling", "description": "Recommendations as destiny", "aliases": ["fyp fate", "autoplay prophecy"], "examples": ["the algorithm is telling me something"], "half_life_hours": 30, "category": "digital_paranoia"},
  {"name": "google_knows", "description": "Search engines as all-knowing", "aliases": ["search shame", "query judgment"], "examples": ["google knows too much now"], "half_life_hours": 36, "category": "digital_paranoia"},
  {"name": "zoom_fatigue_entity", "description": "Video call exhaustion as spiritual drain", "aliases": ["camera drain", "call void"], "examples": ["the camera took my soul"], "half_life_hours": 24, "category": "work_horror"},
  {"name": "bed_gravity", "description": "Bed as gravitational anomaly", "aliases": ["mattress trap", "blanket black hole"], "examples": ["bed has too much gravity today"], "half_life_hours": 30, "category": "domestic_horror"},
  {"name": "update_later_forever", "description": "Software updates as eternal postponement", "aliases": ["remind me never", "update purgatory"], "examples": ["clicking remind me later for 3 years"], "half_life_hours": 20, "category": "tech_horror"},
  {"name": "password_amnesia", "description": "Password requirements as warfare", "aliases": ["forgot again", "login limbo"], "examples": ["made a password. forgot it in 3 seconds"], "half_life_hours": 18, "category": "digital_horror"},
  {"name": "read_receipts_violence", "description": "Read receipts as emotional warfare", "aliases": ["seen trauma", "blue check damage"], "examples": ["left on read. ancestors felt that"], "half_life_hours": 24, "category": "digital_horror"},
  {"name": "shopping_cart_psychology", "description": "Shopping carts as personality assessments", "aliases": ["cart abandonment", "wishlist void"], "examples": ["47 items in cart. 0 purchased"], "half_life_hours": 22, "category": "digital_paranoia"},
  {"name": "loading_screen_limbo", "description": "Loading screens as purgatory", "aliases": ["buffer zone", "spinning wheel hell"], "examples": ["loading screen is where thoughts die"], "half_life_hours": 20, "category": "digital_horror"},
  {"name": "typo_permanence", "description": "Typos sent too fast", "aliases": ["sent too fast", "typo tattoo"], "examples": ["the typo is permanent now"], "half_life_hours": 16, "category": "digital_horror"},
  {"name": "flight_mode_vacation", "description": "Airplane mode as spiritual retreat", "aliases": ["airplane peace", "offline retreat"], "examples": ["airplane mode is self care"], "half_life_hours": 24, "category": "digital_paranoia"},
  {"name": "screenshot_evidence", "description": "Screenshots as evidence collection", "aliases": ["the receipts", "archive everything"], "examples": ["screenshotted for my therapist"], "half_life_hours": 18, "category": "digital_paranoia"},
  {"name": "background_app_drain", "description": "Background apps as energy vampires", "aliases": ["app vampires", "battery ghosts"], "examples": ["47 apps running that i dont remember"], "half_life_hours": 20, "category": "tech_horror"},
  {"name": "storage_full_crisis", "description": "Full storage as existential crisis", "aliases": ["memory full", "storage shame"], "examples": ["deleting my entire 2019"], "half_life_hours": 22, "category": "digital_horror"},
  {"name": "voice_message_terror", "description": "Voice messages as chaotic energy", "aliases": ["voice note chaos", "audio essay"], "examples": ["sent a 47 minute voice message"], "half_life_hours": 18, "category": "digital_horror"},
  {"name": "group_chat_lore", "description": "Group chats as ecosystems", "aliases": ["gc drama", "chat ecosystem"], "examples": ["the group chat has 47 seasons of lore"], "half_life_hours": 30, "category": "digital_paranoia"},
  {"name": "recommended_friends_horror", "description": "Friend suggestions eerily accurate", "aliases": ["how did it know", "algorithm stalking"], "examples": ["suggested someone i made eye contact with once"], "half_life_hours": 24, "category": "digital_paranoia"},
  {"name": "cloud_storage_void", "description": "Cloud storage as abstract void", "aliases": ["the cloud knows", "icloud abyss"], "examples": ["my entire life is in a cloud"], "half_life_hours": 30, "category": "digital_paranoia"},
  {"name": "smart_home_surveillance", "description": "Smart devices as surveillance", "aliases": ["alexa listening", "iot conspiracy"], "examples": ["alexa and the fridge are talking"], "half_life_hours": 36, "category": "tech_horror"},
  {"name": "cursor_consciousness", "description": "Cursor as separate entity", "aliases": ["blinking cursor", "pointer life"], "examples": ["watching the cursor blink. its breathing"], "half_life_hours": 16, "category": "digital_paranoia"},
  {"name": "dark_mode_lore", "description": "Dark mode vs light mode morality", "aliases": ["dark mode supremacy", "theme morality"], "examples": ["light mode users scare me"], "half_life_hours": 20, "category": "digital_paranoia"},
  {"name": "browser_tab_hoarding", "description": "Too many browser tabs", "aliases": ["tab collector", "chrome memory hog"], "examples": ["847 tabs and not closing any"], "half_life_hours": 24, "category": "digital_horror"},
  {"name": "incognito_confession", "description": "Incognito as confessional", "aliases": ["private window priest", "anonymous me"], "examples": ["incognito mode knows my true self"], "half_life_hours": 18, "category": "digital_paranoia"},
  {"name": "cookies_acceptance", "description": "Cookie consent as digital contract", "aliases": ["accept all", "tracking agreement"], "examples": ["gave away my data for a recipe"], "half_life_hours": 16, "category": "digital_horror"},
  {"name": "two_factor_anxiety", "description": "2FA as trust issues", "aliases": ["verification loop", "auth app dread"], "examples": ["2fa locked me out of my life"], "half_life_hours": 20, "category": "tech_horror"},
  {"name": "typing_indicator_anxiety", "description": "Three dots as emotional warfare", "aliases": ["three dots", "typing dots"], "examples": ["typing indicator on for 10 minutes"], "half_life_hours": 18, "category": "digital_horror"},
  {"name": "timezone_confusion", "description": "Timezones as incomprehensible", "aliases": ["time math", "zone confusion"], "examples": ["timezones are a social construct"], "half_life_hours": 20, "category": "temporal"},
  {"name": "online_vs_offline_person", "description": "Online self vs offline self", "aliases": ["digital me", "online persona"], "examples": ["my online and offline self never met"], "half_life_hours": 28, "category": "philosophy_shitpost"}
]
